{
    "accuracy": 0.8605378361475923,
    "classification_report": {
        "CANDIDATE": {
            "precision": 0.7598566308243727,
            "recall": 0.5905292479108635,
            "f1-score": 0.664576802507837,
            "support": 359.0
        },
        "CONFIRMED": {
            "precision": 0.7229601518026565,
            "recall": 0.8355263157894737,
            "f1-score": 0.775178026449644,
            "support": 456.0
        },
        "FALSE POSITIVE": {
            "precision": 0.987389659520807,
            "recall": 0.9987244897959183,
            "f1-score": 0.9930247305009512,
            "support": 784.0
        },
        "accuracy": 0.8605378361475923,
        "macro avg": {
            "precision": 0.8234021473826121,
            "recall": 0.8082600178320852,
            "f1-score": 0.8109265198194775,
            "support": 1599.0
        },
        "weighted avg": {
            "precision": 0.8608954676374445,
            "recall": 0.8605378361475923,
            "f1-score": 0.8571579992958706,
            "support": 1599.0
        }
    }
}